[{"model": "auth.permission", "pk": 1, "fields": {"name": "Can add log entry", "content_type": 1, "codename": "add_logentry"}}, {"model": "auth.permission", "pk": 2, "fields": {"name": "Can change log entry", "content_type": 1, "codename": "change_logentry"}}, {"model": "auth.permission", "pk": 3, "fields": {"name": "Can delete log entry", "content_type": 1, "codename": "delete_logentry"}}, {"model": "auth.permission", "pk": 4, "fields": {"name": "Can view log entry", "content_type": 1, "codename": "view_logentry"}}, {"model": "auth.permission", "pk": 5, "fields": {"name": "Can add permission", "content_type": 2, "codename": "add_permission"}}, {"model": "auth.permission", "pk": 6, "fields": {"name": "Can change permission", "content_type": 2, "codename": "change_permission"}}, {"model": "auth.permission", "pk": 7, "fields": {"name": "Can delete permission", "content_type": 2, "codename": "delete_permission"}}, {"model": "auth.permission", "pk": 8, "fields": {"name": "Can view permission", "content_type": 2, "codename": "view_permission"}}, {"model": "auth.permission", "pk": 9, "fields": {"name": "Can add group", "content_type": 3, "codename": "add_group"}}, {"model": "auth.permission", "pk": 10, "fields": {"name": "Can change group", "content_type": 3, "codename": "change_group"}}, {"model": "auth.permission", "pk": 11, "fields": {"name": "Can delete group", "content_type": 3, "codename": "delete_group"}}, {"model": "auth.permission", "pk": 12, "fields": {"name": "Can view group", "content_type": 3, "codename": "view_group"}}, {"model": "auth.permission", "pk": 13, "fields": {"name": "Can add user", "content_type": 4, "codename": "add_user"}}, {"model": "auth.permission", "pk": 14, "fields": {"name": "Can change user", "content_type": 4, "codename": "change_user"}}, {"model": "auth.permission", "pk": 15, "fields": {"name": "Can delete user", "content_type": 4, "codename": "delete_user"}}, {"model": "auth.permission", "pk": 16, "fields": {"name": "Can view user", "content_type": 4, "codename": "view_user"}}, {"model": "auth.permission", "pk": 17, "fields": {"name": "Can add content type", "content_type": 5, "codename": "add_contenttype"}}, {"model": "auth.permission", "pk": 18, "fields": {"name": "Can change content type", "content_type": 5, "codename": "change_contenttype"}}, {"model": "auth.permission", "pk": 19, "fields": {"name": "Can delete content type", "content_type": 5, "codename": "delete_contenttype"}}, {"model": "auth.permission", "pk": 20, "fields": {"name": "Can view content type", "content_type": 5, "codename": "view_contenttype"}}, {"model": "auth.permission", "pk": 21, "fields": {"name": "Can add session", "content_type": 6, "codename": "add_session"}}, {"model": "auth.permission", "pk": 22, "fields": {"name": "Can change session", "content_type": 6, "codename": "change_session"}}, {"model": "auth.permission", "pk": 23, "fields": {"name": "Can delete session", "content_type": 6, "codename": "delete_session"}}, {"model": "auth.permission", "pk": 24, "fields": {"name": "Can view session", "content_type": 6, "codename": "view_session"}}, {"model": "auth.permission", "pk": 25, "fields": {"name": "Can add category", "content_type": 7, "codename": "add_category"}}, {"model": "auth.permission", "pk": 26, "fields": {"name": "Can change category", "content_type": 7, "codename": "change_category"}}, {"model": "auth.permission", "pk": 27, "fields": {"name": "Can delete category", "content_type": 7, "codename": "delete_category"}}, {"model": "auth.permission", "pk": 28, "fields": {"name": "Can view category", "content_type": 7, "codename": "view_category"}}, {"model": "auth.permission", "pk": 29, "fields": {"name": "Can add fooditem", "content_type": 8, "codename": "add_fooditem"}}, {"model": "auth.permission", "pk": 30, "fields": {"name": "Can change fooditem", "content_type": 8, "codename": "change_fooditem"}}, {"model": "auth.permission", "pk": 31, "fields": {"name": "Can delete fooditem", "content_type": 8, "codename": "delete_fooditem"}}, {"model": "auth.permission", "pk": 32, "fields": {"name": "Can view fooditem", "content_type": 8, "codename": "view_fooditem"}}, {"model": "auth.permission", "pk": 33, "fields": {"name": "Can add customer", "content_type": 9, "codename": "add_customer"}}, {"model": "auth.permission", "pk": 34, "fields": {"name": "Can change customer", "content_type": 9, "codename": "change_customer"}}, {"model": "auth.permission", "pk": 35, "fields": {"name": "Can delete customer", "content_type": 9, "codename": "delete_customer"}}, {"model": "auth.permission", "pk": 36, "fields": {"name": "Can view customer", "content_type": 9, "codename": "view_customer"}}, {"model": "auth.permission", "pk": 37, "fields": {"name": "Can add user fooditem", "content_type": 10, "codename": "add_userfooditem"}}, {"model": "auth.permission", "pk": 38, "fields": {"name": "Can change user fooditem", "content_type": 10, "codename": "change_userfooditem"}}, {"model": "auth.permission", "pk": 39, "fields": {"name": "Can delete user fooditem", "content_type": 10, "codename": "delete_userfooditem"}}, {"model": "auth.permission", "pk": 40, "fields": {"name": "Can view user fooditem", "content_type": 10, "codename": "view_userfooditem"}}, {"model": "auth.permission", "pk": 41, "fields": {"name": "Can add exercise", "content_type": 11, "codename": "add_exercise"}}, {"model": "auth.permission", "pk": 42, "fields": {"name": "Can change exercise", "content_type": 11, "codename": "change_exercise"}}, {"model": "auth.permission", "pk": 43, "fields": {"name": "Can delete exercise", "content_type": 11, "codename": "delete_exercise"}}, {"model": "auth.permission", "pk": 44, "fields": {"name": "Can view exercise", "content_type": 11, "codename": "view_exercise"}}, {"model": "auth.permission", "pk": 45, "fields": {"name": "Can add user profile", "content_type": 12, "codename": "add_userprofile"}}, {"model": "auth.permission", "pk": 46, "fields": {"name": "Can change user profile", "content_type": 12, "codename": "change_userprofile"}}, {"model": "auth.permission", "pk": 47, "fields": {"name": "Can delete user profile", "content_type": 12, "codename": "delete_userprofile"}}, {"model": "auth.permission", "pk": 48, "fields": {"name": "Can view user profile", "content_type": 12, "codename": "view_userprofile"}}, {"model": "auth.permission", "pk": 49, "fields": {"name": "Can add meal", "content_type": 13, "codename": "add_meal"}}, {"model": "auth.permission", "pk": 50, "fields": {"name": "Can change meal", "content_type": 13, "codename": "change_meal"}}, {"model": "auth.permission", "pk": 51, "fields": {"name": "Can delete meal", "content_type": 13, "codename": "delete_meal"}}, {"model": "auth.permission", "pk": 52, "fields": {"name": "Can view meal", "content_type": 13, "codename": "view_meal"}}, {"model": "auth.user", "pk": 1, "fields": {"password": "pbkdf2_sha256$870000$QCsoj7VQ7Ezr4jhr9dhjOd$84V5sTLSPXguibzMySYmFHDY/ZwJUNlYXrMJEJ4oyGk=", "last_login": "2024-12-05T06:49:14.053Z", "is_superuser": false, "username": "Dhivya7", "first_name": "", "last_name": "", "email": "dhivyavenkatesan1@gmail.com", "is_staff": false, "is_active": true, "date_joined": "2024-12-03T11:34:08.758Z", "groups": [], "user_permissions": []}}, {"model": "auth.user", "pk": 2, "fields": {"password": "pbkdf2_sha256$870000$KzeaCot3SJ0W59UyvK3ZfW$nKoT3LSseWa3D2m1+dmGWbfJVKW8CfqSJ3Py3OIYi28=", "last_login": null, "is_superuser": false, "username": "kalai", "first_name": "", "last_name": "", "email": "kalaimani2@gmail.com", "is_staff": false, "is_active": true, "date_joined": "2024-12-04T05:44:15.861Z", "groups": [], "user_permissions": []}}, {"model": "auth.user", "pk": 3, "fields": {"password": "pbkdf2_sha256$870000$vn5RvUh7XHAq0sa6KCVimg$5OwFOrnyvkslY86oVYOdqhumumYmPfRifI6PWv4KKfI=", "last_login": "2024-12-05T06:44:16.156Z", "is_superuser": false, "username": "kitty", "first_name": "", "last_name": "", "email": "kitty@gmail.com", "is_staff": false, "is_active": true, "date_joined": "2024-12-04T06:10:10.047Z", "groups": [], "user_permissions": []}}, {"model": "auth.user", "pk": 4, "fields": {"password": "pbkdf2_sha256$870000$6p7O8XbWfpwbeM6oNySAzo$ctF8E7mv4g3uYzMRswEjdk8SYFdY7I76cJ+KhdXvcos=", "last_login": "2024-12-05T06:54:30.718Z", "is_superuser": false, "username": "bheem", "first_name": "", "last_name": "", "email": "bheem@gmail.com", "is_staff": false, "is_active": true, "date_joined": "2024-12-04T06:54:00.867Z", "groups": [], "user_permissions": []}}, {"model": "auth.user", "pk": 5, "fields": {"password": "pbkdf2_sha256$870000$Pxsjww8og5r0SEAZwBN3qN$5RNa5FSWww83AxsIV+ld1qoWRM6pumE4LCozm/lRm50=", "last_login": "2024-12-04T08:50:43.314Z", "is_superuser": false, "username": "milton", "first_name": "", "last_name": "", "email": "milton@gmail.com", "is_staff": false, "is_active": true, "date_joined": "2024-12-04T08:50:27.384Z", "groups": [], "user_permissions": []}}, {"model": "auth.user", "pk": 6, "fields": {"password": "pbkdf2_sha256$870000$HTyOjnkSuWnxUkGxb89w7e$/rxfG/UsKcGBQDoojP3hh3l55/dWEP9g/zJzynsOUpY=", "last_login": "2024-12-05T07:01:45.051Z", "is_superuser": false, "username": "shinchan", "first_name": "", "last_name": "", "email": "dora@gmail.com", "is_staff": false, "is_active": true, "date_joined": "2024-12-05T07:01:12.661Z", "groups": [], "user_permissions": []}}, {"model": "contenttypes.contenttype", "pk": 1, "fields": {"app_label": "admin", "model": "logentry"}}, {"model": "contenttypes.contenttype", "pk": 2, "fields": {"app_label": "auth", "model": "permission"}}, {"model": "contenttypes.contenttype", "pk": 3, "fields": {"app_label": "auth", "model": "group"}}, {"model": "contenttypes.contenttype", "pk": 4, "fields": {"app_label": "auth", "model": "user"}}, {"model": "contenttypes.contenttype", "pk": 5, "fields": {"app_label": "contenttypes", "model": "contenttype"}}, {"model": "contenttypes.contenttype", "pk": 6, "fields": {"app_label": "sessions", "model": "session"}}, {"model": "contenttypes.contenttype", "pk": 7, "fields": {"app_label": "Fityfeed", "model": "category"}}, {"model": "contenttypes.contenttype", "pk": 8, "fields": {"app_label": "Fityfeed", "model": "fooditem"}}, {"model": "contenttypes.contenttype", "pk": 9, "fields": {"app_label": "Fityfeed", "model": "customer"}}, {"model": "contenttypes.contenttype", "pk": 10, "fields": {"app_label": "Fityfeed", "model": "userfooditem"}}, {"model": "contenttypes.contenttype", "pk": 11, "fields": {"app_label": "Fityfeed", "model": "exercise"}}, {"model": "contenttypes.contenttype", "pk": 12, "fields": {"app_label": "Fityfeed", "model": "userprofile"}}, {"model": "contenttypes.contenttype", "pk": 13, "fields": {"app_label": "Fityfeed", "model": "meal"}}, {"model": "sessions.session", "pk": "jxoirj35clkvy5pbsdhgf9wyo2rkxc9k", "fields": {"session_data": ".eJxVjEEOwiAQRe_C2pCBgRZcuvcMZBimtmpKUtqV8e7apAvd_vfef6lE2zqmrcmSpqLOqlOn3y0TP2TeQbnTfKua67wuU9a7og_a9LUWeV4O9-9gpDZ-a6bQD0OIjA4jRjIoFoGAwWUHpotgLUDsrSsde5ZgwAePxhtxvg-o3h-9izYa:1tJ5rt:2zW0tV4OUfOPTIjlHUaqbAwzbvImDIOZ54ETO0UmZQU", "expire_date": "2024-12-19T07:01:45.054Z"}}, {"model": "Fityfeed.customer", "pk": 1, "fields": {"user": 1, "name": "Dhivya7", "email": "dhivyavenkatesan1@gmail.com", "gender": "male", "calorie_limit": null, "goal": "maintain", "calorie_intake": 6, "age": 0, "height": 0, "weight": 0, "activity_level": "moderate", "calorie_goal": "maintain", "calorie_needs": 1751.5, "daily_intake": null}}, {"model": "Fityfeed.customer", "pk": 2, "fields": {"user": 4, "name": "bheem", "email": "bheem@gmail.com", "gender": "male", "calorie_limit": null, "goal": "", "calorie_intake": 0, "age": 0, "height": 0, "weight": 0, "activity_level": "", "calorie_goal": "maintain", "calorie_needs": null, "daily_intake": null}}, {"model": "Fityfeed.customer", "pk": 3, "fields": {"user": 3, "name": "kitty", "email": "kitty@gmail.com", "gender": "male", "calorie_limit": 0.0, "goal": "", "calorie_intake": 0, "age": 0, "height": 0, "weight": 0, "activity_level": "", "calorie_goal": "maintain", "calorie_needs": null, "daily_intake": null}}, {"model": "Fityfeed.customer", "pk": 4, "fields": {"user": 5, "name": "milton", "email": "milton@gmail.com", "gender": "male", "calorie_limit": null, "goal": "", "calorie_intake": 0, "age": 0, "height": 0, "weight": 0, "activity_level": "", "calorie_goal": "maintain", "calorie_needs": null, "daily_intake": null}}, {"model": "Fityfeed.customer", "pk": 5, "fields": {"user": 6, "name": "shinchan", "email": "dora@gmail.com", "gender": "male", "calorie_limit": null, "goal": "", "calorie_intake": 0, "age": 0, "height": 0, "weight": 0, "activity_level": "", "calorie_goal": "maintain", "calorie_needs": null, "daily_intake": null}}, {"model": "Fityfeed.category", "pk": 1, "fields": {"name": "breakfast"}}, {"model": "Fityfeed.fooditem", "pk": 1, "fields": {"name": "Apple", "category": 1, "carbohydrate": 14.0, "fats": 0.2, "protein": 0.3, "calories": 52, "meal_type": "Breakfast"}}, {"model": "Fityfeed.fooditem", "pk": 2, "fields": {"name": "Banana", "category": 1, "carbohydrate": 23.0, "fats": 0.3, "protein": 1.1, "calories": 89, "meal_type": "Breakfast"}}, {"model": "Fityfeed.fooditem", "pk": 3, "fields": {"name": "Chicken Breast", "category": 1, "carbohydrate": 0.0, "fats": 3.6, "protein": 31.0, "calories": 165, "meal_type": "Breakfast"}}, {"model": "Fityfeed.fooditem", "pk": 4, "fields": {"name": "Rice", "category": 1, "carbohydrate": 28.0, "fats": 0.3, "protein": 2.7, "calories": 130, "meal_type": "Breakfast"}}, {"model": "Fityfeed.fooditem", "pk": 5, "fields": {"name": "Egg", "category": 1, "carbohydrate": 1.1, "fats": 10.6, "protein": 13.0, "calories": 155, "meal_type": "Breakfast"}}, {"model": "Fityfeed.fooditem", "pk": 6, "fields": {"name": "Broccoli", "category": 1, "carbohydrate": 11.2, "fats": 0.6, "protein": 3.7, "calories": 55, "meal_type": "Breakfast"}}, {"model": "Fityfeed.fooditem", "pk": 7, "fields": {"name": "Almonds", "category": 1, "carbohydrate": 22.0, "fats": 49.0, "protein": 21.0, "calories": 576, "meal_type": "Breakfast"}}, {"model": "Fityfeed.fooditem", "pk": 8, "fields": {"name": "Salmon", "category": 1, "carbohydrate": 0.0, "fats": 13.0, "protein": 22.0, "calories": 208, "meal_type": "Breakfast"}}, {"model": "Fityfeed.fooditem", "pk": 9, "fields": {"name": "Apple", "category": 1, "carbohydrate": 14.0, "fats": 0.2, "protein": 0.3, "calories": 52, "meal_type": "Breakfast"}}, {"model": "Fityfeed.fooditem", "pk": 10, "fields": {"name": "Banana", "category": 1, "carbohydrate": 23.0, "fats": 0.3, "protein": 1.1, "calories": 89, "meal_type": "Breakfast"}}, {"model": "Fityfeed.fooditem", "pk": 11, "fields": {"name": "Chicken Breast", "category": 1, "carbohydrate": 0.0, "fats": 3.6, "protein": 31.0, "calories": 165, "meal_type": "Breakfast"}}, {"model": "Fityfeed.fooditem", "pk": 12, "fields": {"name": "Rice", "category": 1, "carbohydrate": 28.0, "fats": 0.3, "protein": 2.7, "calories": 130, "meal_type": "Breakfast"}}, {"model": "Fityfeed.fooditem", "pk": 13, "fields": {"name": "Egg", "category": 1, "carbohydrate": 1.1, "fats": 10.6, "protein": 13.0, "calories": 155, "meal_type": "Breakfast"}}, {"model": "Fityfeed.fooditem", "pk": 14, "fields": {"name": "Broccoli", "category": 1, "carbohydrate": 11.2, "fats": 0.6, "protein": 3.7, "calories": 55, "meal_type": "Breakfast"}}, {"model": "Fityfeed.fooditem", "pk": 15, "fields": {"name": "Almonds", "category": 1, "carbohydrate": 22.0, "fats": 49.0, "protein": 21.0, "calories": 576, "meal_type": "Breakfast"}}, {"model": "Fityfeed.fooditem", "pk": 16, "fields": {"name": "Salmon", "category": 1, "carbohydrate": 0.0, "fats": 13.0, "protein": 22.0, "calories": 208, "meal_type": "Breakfast"}}, {"model": "Fityfeed.fooditem", "pk": 17, "fields": {"name": "Apple", "category": 1, "carbohydrate": 14.0, "fats": 0.2, "protein": 0.3, "calories": 52, "meal_type": "Breakfast"}}, {"model": "Fityfeed.fooditem", "pk": 18, "fields": {"name": "Banana", "category": 1, "carbohydrate": 23.0, "fats": 0.3, "protein": 1.1, "calories": 89, "meal_type": "Breakfast"}}, {"model": "Fityfeed.fooditem", "pk": 19, "fields": {"name": "Chicken Breast", "category": 1, "carbohydrate": 0.0, "fats": 3.6, "protein": 31.0, "calories": 165, "meal_type": "Breakfast"}}, {"model": "Fityfeed.fooditem", "pk": 20, "fields": {"name": "Rice", "category": 1, "carbohydrate": 28.0, "fats": 0.3, "protein": 2.7, "calories": 130, "meal_type": "Breakfast"}}, {"model": "Fityfeed.fooditem", "pk": 21, "fields": {"name": "Egg", "category": 1, "carbohydrate": 1.1, "fats": 10.6, "protein": 13.0, "calories": 155, "meal_type": "Breakfast"}}, {"model": "Fityfeed.fooditem", "pk": 22, "fields": {"name": "Broccoli", "category": 1, "carbohydrate": 11.2, "fats": 0.6, "protein": 3.7, "calories": 55, "meal_type": "Breakfast"}}, {"model": "Fityfeed.fooditem", "pk": 23, "fields": {"name": "Almonds", "category": 1, "carbohydrate": 22.0, "fats": 49.0, "protein": 21.0, "calories": 576, "meal_type": "Breakfast"}}, {"model": "Fityfeed.fooditem", "pk": 24, "fields": {"name": "Salmon", "category": 1, "carbohydrate": 0.0, "fats": 13.0, "protein": 22.0, "calories": 208, "meal_type": "Breakfast"}}, {"model": "Fityfeed.fooditem", "pk": 25, "fields": {"name": "Apple", "category": 1, "carbohydrate": 14.0, "fats": 0.2, "protein": 0.3, "calories": 52, "meal_type": "Breakfast"}}, {"model": "Fityfeed.fooditem", "pk": 26, "fields": {"name": "Banana", "category": 1, "carbohydrate": 23.0, "fats": 0.3, "protein": 1.1, "calories": 89, "meal_type": "Breakfast"}}, {"model": "Fityfeed.fooditem", "pk": 27, "fields": {"name": "Chicken Breast", "category": 1, "carbohydrate": 0.0, "fats": 3.6, "protein": 31.0, "calories": 165, "meal_type": "Breakfast"}}, {"model": "Fityfeed.fooditem", "pk": 28, "fields": {"name": "Rice", "category": 1, "carbohydrate": 28.0, "fats": 0.3, "protein": 2.7, "calories": 130, "meal_type": "Breakfast"}}, {"model": "Fityfeed.fooditem", "pk": 29, "fields": {"name": "Egg", "category": 1, "carbohydrate": 1.1, "fats": 10.6, "protein": 13.0, "calories": 155, "meal_type": "Breakfast"}}, {"model": "Fityfeed.fooditem", "pk": 30, "fields": {"name": "Broccoli", "category": 1, "carbohydrate": 11.2, "fats": 0.6, "protein": 3.7, "calories": 55, "meal_type": "Breakfast"}}, {"model": "Fityfeed.fooditem", "pk": 31, "fields": {"name": "Almonds", "category": 1, "carbohydrate": 22.0, "fats": 49.0, "protein": 21.0, "calories": 576, "meal_type": "Breakfast"}}, {"model": "Fityfeed.fooditem", "pk": 32, "fields": {"name": "Salmon", "category": 1, "carbohydrate": 0.0, "fats": 13.0, "protein": 22.0, "calories": 208, "meal_type": "Breakfast"}}, {"model": "Fityfeed.fooditem", "pk": 33, "fields": {"name": "Apple", "category": 1, "carbohydrate": 14.0, "fats": 0.2, "protein": 0.3, "calories": 52, "meal_type": "Breakfast"}}, {"model": "Fityfeed.fooditem", "pk": 34, "fields": {"name": "Banana", "category": 1, "carbohydrate": 23.0, "fats": 0.3, "protein": 1.1, "calories": 89, "meal_type": "Breakfast"}}, {"model": "Fityfeed.fooditem", "pk": 35, "fields": {"name": "Chicken Breast", "category": 1, "carbohydrate": 0.0, "fats": 3.6, "protein": 31.0, "calories": 165, "meal_type": "Breakfast"}}, {"model": "Fityfeed.fooditem", "pk": 36, "fields": {"name": "Rice", "category": 1, "carbohydrate": 28.0, "fats": 0.3, "protein": 2.7, "calories": 130, "meal_type": "Breakfast"}}, {"model": "Fityfeed.fooditem", "pk": 37, "fields": {"name": "Egg", "category": 1, "carbohydrate": 1.1, "fats": 10.6, "protein": 13.0, "calories": 155, "meal_type": "Breakfast"}}, {"model": "Fityfeed.fooditem", "pk": 38, "fields": {"name": "Broccoli", "category": 1, "carbohydrate": 11.2, "fats": 0.6, "protein": 3.7, "calories": 55, "meal_type": "Breakfast"}}, {"model": "Fityfeed.fooditem", "pk": 39, "fields": {"name": "Almonds", "category": 1, "carbohydrate": 22.0, "fats": 49.0, "protein": 21.0, "calories": 576, "meal_type": "Breakfast"}}, {"model": "Fityfeed.fooditem", "pk": 40, "fields": {"name": "Salmon", "category": 1, "carbohydrate": 0.0, "fats": 13.0, "protein": 22.0, "calories": 208, "meal_type": "Breakfast"}}, {"model": "Fityfeed.fooditem", "pk": 41, "fields": {"name": "Apple", "category": 1, "carbohydrate": 14.0, "fats": 0.2, "protein": 0.3, "calories": 52, "meal_type": "Breakfast"}}, {"model": "Fityfeed.fooditem", "pk": 42, "fields": {"name": "Banana", "category": 1, "carbohydrate": 23.0, "fats": 0.3, "protein": 1.1, "calories": 89, "meal_type": "Breakfast"}}, {"model": "Fityfeed.fooditem", "pk": 43, "fields": {"name": "Chicken Breast", "category": 1, "carbohydrate": 0.0, "fats": 3.6, "protein": 31.0, "calories": 165, "meal_type": "Breakfast"}}, {"model": "Fityfeed.fooditem", "pk": 44, "fields": {"name": "Rice", "category": 1, "carbohydrate": 28.0, "fats": 0.3, "protein": 2.7, "calories": 130, "meal_type": "Breakfast"}}, {"model": "Fityfeed.fooditem", "pk": 45, "fields": {"name": "Egg", "category": 1, "carbohydrate": 1.1, "fats": 10.6, "protein": 13.0, "calories": 155, "meal_type": "Breakfast"}}, {"model": "Fityfeed.fooditem", "pk": 46, "fields": {"name": "Broccoli", "category": 1, "carbohydrate": 11.2, "fats": 0.6, "protein": 3.7, "calories": 55, "meal_type": "Breakfast"}}, {"model": "Fityfeed.fooditem", "pk": 47, "fields": {"name": "Almonds", "category": 1, "carbohydrate": 22.0, "fats": 49.0, "protein": 21.0, "calories": 576, "meal_type": "Breakfast"}}, {"model": "Fityfeed.fooditem", "pk": 48, "fields": {"name": "Salmon", "category": 1, "carbohydrate": 0.0, "fats": 13.0, "protein": 22.0, "calories": 208, "meal_type": "Breakfast"}}, {"model": "Fityfeed.fooditem", "pk": 49, "fields": {"name": "Apple", "category": 1, "carbohydrate": 14.0, "fats": 0.2, "protein": 0.3, "calories": 52, "meal_type": "Breakfast"}}, {"model": "Fityfeed.fooditem", "pk": 50, "fields": {"name": "Banana", "category": 1, "carbohydrate": 23.0, "fats": 0.3, "protein": 1.1, "calories": 89, "meal_type": "Breakfast"}}, {"model": "Fityfeed.fooditem", "pk": 51, "fields": {"name": "Chicken Breast", "category": 1, "carbohydrate": 0.0, "fats": 3.6, "protein": 31.0, "calories": 165, "meal_type": "Breakfast"}}, {"model": "Fityfeed.fooditem", "pk": 52, "fields": {"name": "Rice", "category": 1, "carbohydrate": 28.0, "fats": 0.3, "protein": 2.7, "calories": 130, "meal_type": "Breakfast"}}, {"model": "Fityfeed.fooditem", "pk": 53, "fields": {"name": "Egg", "category": 1, "carbohydrate": 1.1, "fats": 10.6, "protein": 13.0, "calories": 155, "meal_type": "Breakfast"}}, {"model": "Fityfeed.fooditem", "pk": 54, "fields": {"name": "Broccoli", "category": 1, "carbohydrate": 11.2, "fats": 0.6, "protein": 3.7, "calories": 55, "meal_type": "Breakfast"}}, {"model": "Fityfeed.fooditem", "pk": 55, "fields": {"name": "Almonds", "category": 1, "carbohydrate": 22.0, "fats": 49.0, "protein": 21.0, "calories": 576, "meal_type": "Breakfast"}}, {"model": "Fityfeed.fooditem", "pk": 56, "fields": {"name": "Salmon", "category": 1, "carbohydrate": 0.0, "fats": 13.0, "protein": 22.0, "calories": 208, "meal_type": "Breakfast"}}, {"model": "Fityfeed.userprofile", "pk": 1, "fields": {"user": 1, "calorie_needs": 2563, "bio": "This user has no bio", "profile_picture": ""}}, {"model": "Fityfeed.userprofile", "pk": 2, "fields": {"user": 2, "calorie_needs": null, "bio": "This user has no bio", "profile_picture": ""}}, {"model": "Fityfeed.userprofile", "pk": 3, "fields": {"user": 3, "calorie_needs": 1139, "bio": "This user has no bio", "profile_picture": ""}}, {"model": "Fityfeed.userprofile", "pk": 4, "fields": {"user": 4, "calorie_needs": 3177, "bio": "This user has no bio", "profile_picture": ""}}, {"model": "Fityfeed.userprofile", "pk": 5, "fields": {"user": 6, "calorie_needs": 1707, "bio": "This user has no bio", "profile_picture": ""}}]
