BEGIN TRANSACTION;
CREATE TABLE "Fityfeed_category" ("id" SERIAL PRIMARY KEY, "name" varchar(100) NOT NULL);
INSERT INTO "Fityfeed_category" VALUES(1,'breakfast');
CREATE TABLE "Fityfeed_customer" ("id" SERIAL PRIMARY KEY, "name" varchar(100) NOT NULL, "email" varchar(200) NOT NULL, "calorie_limit" real NULL, "user_id" BIGINT NOT NULL UNIQUE REFERENCES "auth_user" ("id") DEFERRABLE INITIALLY DEFERRED, "activity_level" varchar(10) NOT NULL, "age" BIGINT NOT NULL, "goal" varchar(10) NOT NULL, "height" BIGINT NOT NULL, "weight" BIGINT NOT NULL, "calorie_intake" BIGINT NOT NULL, "calorie_goal" varchar(100) NOT NULL, "daily_intake" real NULL, "gender" varchar(10) NOT NULL, "calorie_needs" BIGINT NULL);
INSERT INTO "Fityfeed_customer" VALUES(1,'Dhivya7','dhivyavenkatesan1@gmail.com',NULL,1,'moderate',0,'maintain',0,0,6,'maintain',NULL,'male',1751.5);
INSERT INTO "Fityfeed_customer" VALUES(2,'bheem','bheem@gmail.com',NULL,4,'',0,'',0,0,0,'maintain',NULL,'male',NULL);
INSERT INTO "Fityfeed_customer" VALUES(3,'kitty','kitty@gmail.com',0.0,3,'',0,'',0,0,0,'maintain',NULL,'male',NULL);
INSERT INTO "Fityfeed_customer" VALUES(4,'milton','milton@gmail.com',NULL,5,'',0,'',0,0,0,'maintain',NULL,'male',NULL);
INSERT INTO "Fityfeed_customer" VALUES(5,'shinchan','dora@gmail.com',NULL,6,'',0,'',0,0,0,'maintain',NULL,'male',NULL);
CREATE TABLE "Fityfeed_exercise" ("id" SERIAL PRIMARY KEY, "name" varchar(255) NOT NULL, "time" time NOT NULL, "calorie" BIGINT NOT NULL, "user_id" BIGINT NOT NULL REFERENCES "auth_user" ("id") DEFERRABLE INITIALLY DEFERRED);
CREATE TABLE "Fityfeed_fooditem" ("id" SERIAL PRIMARY KEY, "name" varchar(100) NOT NULL, "meal_type" varchar(20) NOT NULL, "calories" BIGINT NOT NULL CHECK ("action_flag" >= 0) CHECK ("calories" >= 0), "carbohydrate" real NOT NULL, "fats" real NOT NULL, "protein" real NOT NULL, "category_id" BIGINT NOT NULL REFERENCES "Fityfeed_category" ("id") DEFERRABLE INITIALLY DEFERRED);
INSERT INTO "Fityfeed_fooditem" VALUES(1,'Apple','Breakfast',52,14.0,0.2,0.3,1);
INSERT INTO "Fityfeed_fooditem" VALUES(2,'Banana','Breakfast',89,23.0,0.3,1.1,1);
INSERT INTO "Fityfeed_fooditem" VALUES(3,'Chicken Breast','Breakfast',165,0.0,3.6,31.0,1);
INSERT INTO "Fityfeed_fooditem" VALUES(4,'Rice','Breakfast',130,28.0,0.3,2.7,1);
INSERT INTO "Fityfeed_fooditem" VALUES(5,'Egg','Breakfast',155,1.1,10.6,13.0,1);
INSERT INTO "Fityfeed_fooditem" VALUES(6,'Broccoli','Breakfast',55,11.2,0.6,3.7,1);
INSERT INTO "Fityfeed_fooditem" VALUES(7,'Almonds','Breakfast',576,22.0,49.0,21.0,1);
INSERT INTO "Fityfeed_fooditem" VALUES(8,'Salmon','Breakfast',208,0.0,13.0,22.0,1);
INSERT INTO "Fityfeed_fooditem" VALUES(9,'Apple','Breakfast',52,14.0,0.2,0.3,1);
INSERT INTO "Fityfeed_fooditem" VALUES(10,'Banana','Breakfast',89,23.0,0.3,1.1,1);
INSERT INTO "Fityfeed_fooditem" VALUES(11,'Chicken Breast','Breakfast',165,0.0,3.6,31.0,1);
INSERT INTO "Fityfeed_fooditem" VALUES(12,'Rice','Breakfast',130,28.0,0.3,2.7,1);
INSERT INTO "Fityfeed_fooditem" VALUES(13,'Egg','Breakfast',155,1.1,10.6,13.0,1);
INSERT INTO "Fityfeed_fooditem" VALUES(14,'Broccoli','Breakfast',55,11.2,0.6,3.7,1);
INSERT INTO "Fityfeed_fooditem" VALUES(15,'Almonds','Breakfast',576,22.0,49.0,21.0,1);
INSERT INTO "Fityfeed_fooditem" VALUES(16,'Salmon','Breakfast',208,0.0,13.0,22.0,1);
INSERT INTO "Fityfeed_fooditem" VALUES(17,'Apple','Breakfast',52,14.0,0.2,0.3,1);
INSERT INTO "Fityfeed_fooditem" VALUES(18,'Banana','Breakfast',89,23.0,0.3,1.1,1);
INSERT INTO "Fityfeed_fooditem" VALUES(19,'Chicken Breast','Breakfast',165,0.0,3.6,31.0,1);
INSERT INTO "Fityfeed_fooditem" VALUES(20,'Rice','Breakfast',130,28.0,0.3,2.7,1);
INSERT INTO "Fityfeed_fooditem" VALUES(21,'Egg','Breakfast',155,1.1,10.6,13.0,1);
INSERT INTO "Fityfeed_fooditem" VALUES(22,'Broccoli','Breakfast',55,11.2,0.6,3.7,1);
INSERT INTO "Fityfeed_fooditem" VALUES(23,'Almonds','Breakfast',576,22.0,49.0,21.0,1);
INSERT INTO "Fityfeed_fooditem" VALUES(24,'Salmon','Breakfast',208,0.0,13.0,22.0,1);
INSERT INTO "Fityfeed_fooditem" VALUES(25,'Apple','Breakfast',52,14.0,0.2,0.3,1);
INSERT INTO "Fityfeed_fooditem" VALUES(26,'Banana','Breakfast',89,23.0,0.3,1.1,1);
INSERT INTO "Fityfeed_fooditem" VALUES(27,'Chicken Breast','Breakfast',165,0.0,3.6,31.0,1);
INSERT INTO "Fityfeed_fooditem" VALUES(28,'Rice','Breakfast',130,28.0,0.3,2.7,1);
INSERT INTO "Fityfeed_fooditem" VALUES(29,'Egg','Breakfast',155,1.1,10.6,13.0,1);
INSERT INTO "Fityfeed_fooditem" VALUES(30,'Broccoli','Breakfast',55,11.2,0.6,3.7,1);
INSERT INTO "Fityfeed_fooditem" VALUES(31,'Almonds','Breakfast',576,22.0,49.0,21.0,1);
INSERT INTO "Fityfeed_fooditem" VALUES(32,'Salmon','Breakfast',208,0.0,13.0,22.0,1);
INSERT INTO "Fityfeed_fooditem" VALUES(33,'Apple','Breakfast',52,14.0,0.2,0.3,1);
INSERT INTO "Fityfeed_fooditem" VALUES(34,'Banana','Breakfast',89,23.0,0.3,1.1,1);
INSERT INTO "Fityfeed_fooditem" VALUES(35,'Chicken Breast','Breakfast',165,0.0,3.6,31.0,1);
INSERT INTO "Fityfeed_fooditem" VALUES(36,'Rice','Breakfast',130,28.0,0.3,2.7,1);
INSERT INTO "Fityfeed_fooditem" VALUES(37,'Egg','Breakfast',155,1.1,10.6,13.0,1);
INSERT INTO "Fityfeed_fooditem" VALUES(38,'Broccoli','Breakfast',55,11.2,0.6,3.7,1);
INSERT INTO "Fityfeed_fooditem" VALUES(39,'Almonds','Breakfast',576,22.0,49.0,21.0,1);
INSERT INTO "Fityfeed_fooditem" VALUES(40,'Salmon','Breakfast',208,0.0,13.0,22.0,1);
INSERT INTO "Fityfeed_fooditem" VALUES(41,'Apple','Breakfast',52,14.0,0.2,0.3,1);
INSERT INTO "Fityfeed_fooditem" VALUES(42,'Banana','Breakfast',89,23.0,0.3,1.1,1);
INSERT INTO "Fityfeed_fooditem" VALUES(43,'Chicken Breast','Breakfast',165,0.0,3.6,31.0,1);
INSERT INTO "Fityfeed_fooditem" VALUES(44,'Rice','Breakfast',130,28.0,0.3,2.7,1);
INSERT INTO "Fityfeed_fooditem" VALUES(45,'Egg','Breakfast',155,1.1,10.6,13.0,1);
INSERT INTO "Fityfeed_fooditem" VALUES(46,'Broccoli','Breakfast',55,11.2,0.6,3.7,1);
INSERT INTO "Fityfeed_fooditem" VALUES(47,'Almonds','Breakfast',576,22.0,49.0,21.0,1);
INSERT INTO "Fityfeed_fooditem" VALUES(48,'Salmon','Breakfast',208,0.0,13.0,22.0,1);
INSERT INTO "Fityfeed_fooditem" VALUES(49,'Apple','Breakfast',52,14.0,0.2,0.3,1);
INSERT INTO "Fityfeed_fooditem" VALUES(50,'Banana','Breakfast',89,23.0,0.3,1.1,1);
INSERT INTO "Fityfeed_fooditem" VALUES(51,'Chicken Breast','Breakfast',165,0.0,3.6,31.0,1);
INSERT INTO "Fityfeed_fooditem" VALUES(52,'Rice','Breakfast',130,28.0,0.3,2.7,1);
INSERT INTO "Fityfeed_fooditem" VALUES(53,'Egg','Breakfast',155,1.1,10.6,13.0,1);
INSERT INTO "Fityfeed_fooditem" VALUES(54,'Broccoli','Breakfast',55,11.2,0.6,3.7,1);
INSERT INTO "Fityfeed_fooditem" VALUES(55,'Almonds','Breakfast',576,22.0,49.0,21.0,1);
INSERT INTO "Fityfeed_fooditem" VALUES(56,'Salmon','Breakfast',208,0.0,13.0,22.0,1);
CREATE TABLE "Fityfeed_meal" ("id" SERIAL PRIMARY KEY, "date" date NOT NULL, "customer_id" BIGINT NOT NULL REFERENCES "auth_user" ("id") DEFERRABLE INITIALLY DEFERRED);
CREATE TABLE "Fityfeed_meal_fooditems" ("id" SERIAL PRIMARY KEY, "meal_id" BIGINT NOT NULL REFERENCES "Fityfeed_meal" ("id") DEFERRABLE INITIALLY DEFERRED, "fooditem_id" BIGINT NOT NULL REFERENCES "Fityfeed_fooditem" ("id") DEFERRABLE INITIALLY DEFERRED);
CREATE TABLE "Fityfeed_userfooditem" ("id" SERIAL PRIMARY KEY, "customer_id" BIGINT NOT NULL REFERENCES "auth_user" ("id") DEFERRABLE INITIALLY DEFERRED);
CREATE TABLE "Fityfeed_userfooditem_fooditem" ("id" SERIAL PRIMARY KEY, "userfooditem_id" BIGINT NOT NULL REFERENCES "Fityfeed_userfooditem" ("id") DEFERRABLE INITIALLY DEFERRED, "fooditem_id" BIGINT NOT NULL REFERENCES "Fityfeed_fooditem" ("id") DEFERRABLE INITIALLY DEFERRED);
CREATE TABLE "Fityfeed_userprofile" ("id" SERIAL PRIMARY KEY, "bio" text NOT NULL, "profile_picture" varchar(100) NULL, "user_id" BIGINT NOT NULL UNIQUE REFERENCES "auth_user" ("id") DEFERRABLE INITIALLY DEFERRED, "calorie_needs" BIGINT NULL);
INSERT INTO "Fityfeed_userprofile" VALUES(1,'This user has no bio','',1,2563);
INSERT INTO "Fityfeed_userprofile" VALUES(2,'This user has no bio','',2,NULL);
INSERT INTO "Fityfeed_userprofile" VALUES(3,'This user has no bio','',3,1139);
INSERT INTO "Fityfeed_userprofile" VALUES(4,'This user has no bio','',4,3177);
INSERT INTO "Fityfeed_userprofile" VALUES(5,'This user has no bio','',6,1707);
CREATE TABLE "auth_group" ("id" SERIAL PRIMARY KEY, "name" varchar(150) NOT NULL UNIQUE);
CREATE TABLE "auth_group_permissions" ("id" SERIAL PRIMARY KEY, "group_id" BIGINT NOT NULL REFERENCES "auth_group" ("id") DEFERRABLE INITIALLY DEFERRED, "permission_id" BIGINT NOT NULL REFERENCES "auth_permission" ("id") DEFERRABLE INITIALLY DEFERRED);
CREATE TABLE "auth_permission" ("id" SERIAL PRIMARY KEY, "content_type_id" BIGINT NOT NULL REFERENCES "django_content_type" ("id") DEFERRABLE INITIALLY DEFERRED, "codename" varchar(100) NOT NULL, "name" varchar(255) NOT NULL);
INSERT INTO "auth_permission" VALUES(1,1,'add_logentry','Can add log entry');
INSERT INTO "auth_permission" VALUES(2,1,'change_logentry','Can change log entry');
INSERT INTO "auth_permission" VALUES(3,1,'delete_logentry','Can delete log entry');
INSERT INTO "auth_permission" VALUES(4,1,'view_logentry','Can view log entry');
INSERT INTO "auth_permission" VALUES(5,2,'add_permission','Can add permission');
INSERT INTO "auth_permission" VALUES(6,2,'change_permission','Can change permission');
INSERT INTO "auth_permission" VALUES(7,2,'delete_permission','Can delete permission');
INSERT INTO "auth_permission" VALUES(8,2,'view_permission','Can view permission');
INSERT INTO "auth_permission" VALUES(9,3,'add_group','Can add group');
INSERT INTO "auth_permission" VALUES(10,3,'change_group','Can change group');
INSERT INTO "auth_permission" VALUES(11,3,'delete_group','Can delete group');
INSERT INTO "auth_permission" VALUES(12,3,'view_group','Can view group');
INSERT INTO "auth_permission" VALUES(13,4,'add_user','Can add user');
INSERT INTO "auth_permission" VALUES(14,4,'change_user','Can change user');
INSERT INTO "auth_permission" VALUES(15,4,'delete_user','Can delete user');
INSERT INTO "auth_permission" VALUES(16,4,'view_user','Can view user');
INSERT INTO "auth_permission" VALUES(17,5,'add_contenttype','Can add content type');
INSERT INTO "auth_permission" VALUES(18,5,'change_contenttype','Can change content type');
INSERT INTO "auth_permission" VALUES(19,5,'delete_contenttype','Can delete content type');
INSERT INTO "auth_permission" VALUES(20,5,'view_contenttype','Can view content type');
INSERT INTO "auth_permission" VALUES(21,6,'add_session','Can add session');
INSERT INTO "auth_permission" VALUES(22,6,'change_session','Can change session');
INSERT INTO "auth_permission" VALUES(23,6,'delete_session','Can delete session');
INSERT INTO "auth_permission" VALUES(24,6,'view_session','Can view session');
INSERT INTO "auth_permission" VALUES(25,7,'add_category','Can add category');
INSERT INTO "auth_permission" VALUES(26,7,'change_category','Can change category');
INSERT INTO "auth_permission" VALUES(27,7,'delete_category','Can delete category');
INSERT INTO "auth_permission" VALUES(28,7,'view_category','Can view category');
INSERT INTO "auth_permission" VALUES(29,8,'add_fooditem','Can add fooditem');
INSERT INTO "auth_permission" VALUES(30,8,'change_fooditem','Can change fooditem');
INSERT INTO "auth_permission" VALUES(31,8,'delete_fooditem','Can delete fooditem');
INSERT INTO "auth_permission" VALUES(32,8,'view_fooditem','Can view fooditem');
INSERT INTO "auth_permission" VALUES(33,9,'add_customer','Can add customer');
INSERT INTO "auth_permission" VALUES(34,9,'change_customer','Can change customer');
INSERT INTO "auth_permission" VALUES(35,9,'delete_customer','Can delete customer');
INSERT INTO "auth_permission" VALUES(36,9,'view_customer','Can view customer');
INSERT INTO "auth_permission" VALUES(37,10,'add_userfooditem','Can add user fooditem');
INSERT INTO "auth_permission" VALUES(38,10,'change_userfooditem','Can change user fooditem');
INSERT INTO "auth_permission" VALUES(39,10,'delete_userfooditem','Can delete user fooditem');
INSERT INTO "auth_permission" VALUES(40,10,'view_userfooditem','Can view user fooditem');
INSERT INTO "auth_permission" VALUES(41,11,'add_exercise','Can add exercise');
INSERT INTO "auth_permission" VALUES(42,11,'change_exercise','Can change exercise');
INSERT INTO "auth_permission" VALUES(43,11,'delete_exercise','Can delete exercise');
INSERT INTO "auth_permission" VALUES(44,11,'view_exercise','Can view exercise');
INSERT INTO "auth_permission" VALUES(45,12,'add_userprofile','Can add user profile');
INSERT INTO "auth_permission" VALUES(46,12,'change_userprofile','Can change user profile');
INSERT INTO "auth_permission" VALUES(47,12,'delete_userprofile','Can delete user profile');
INSERT INTO "auth_permission" VALUES(48,12,'view_userprofile','Can view user profile');
INSERT INTO "auth_permission" VALUES(49,13,'add_meal','Can add meal');
INSERT INTO "auth_permission" VALUES(50,13,'change_meal','Can change meal');
INSERT INTO "auth_permission" VALUES(51,13,'delete_meal','Can delete meal');
INSERT INTO "auth_permission" VALUES(52,13,'view_meal','Can view meal');
CREATE TABLE "auth_user" ("id" SERIAL PRIMARY KEY, "password" varchar(128) NOT NULL, "last_login" TIMESTAMP NULL, "is_superuser" bool NOT NULL, "username" varchar(150) NOT NULL UNIQUE, "last_name" varchar(150) NOT NULL, "email" varchar(254) NOT NULL, "is_staff" bool NOT NULL, "is_active" bool NOT NULL, "date_joined" TIMESTAMP NOT NULL, "first_name" varchar(150) NOT NULL);
INSERT INTO "auth_user" VALUES(1,'pbkdf2_sha256$870000$QCsoj7VQ7Ezr4jhr9dhjOd$84V5sTLSPXguibzMySYmFHDY/ZwJUNlYXrMJEJ4oyGk=','2024-12-05 06:49:14.053594',0,'Dhivya7','','dhivyavenkatesan1@gmail.com',0,1,'2024-12-03 11:34:08.758239','');
INSERT INTO "auth_user" VALUES(2,'pbkdf2_sha256$870000$KzeaCot3SJ0W59UyvK3ZfW$nKoT3LSseWa3D2m1+dmGWbfJVKW8CfqSJ3Py3OIYi28=',NULL,0,'kalai','','kalaimani2@gmail.com',0,1,'2024-12-04 05:44:15.861395','');
INSERT INTO "auth_user" VALUES(3,'pbkdf2_sha256$870000$vn5RvUh7XHAq0sa6KCVimg$5OwFOrnyvkslY86oVYOdqhumumYmPfRifI6PWv4KKfI=','2024-12-05 06:44:16.156908',0,'kitty','','kitty@gmail.com',0,1,'2024-12-04 06:10:10.047248','');
INSERT INTO "auth_user" VALUES(4,'pbkdf2_sha256$870000$6p7O8XbWfpwbeM6oNySAzo$ctF8E7mv4g3uYzMRswEjdk8SYFdY7I76cJ+KhdXvcos=','2024-12-05 06:54:30.718288',0,'bheem','','bheem@gmail.com',0,1,'2024-12-04 06:54:00.867838','');
INSERT INTO "auth_user" VALUES(5,'pbkdf2_sha256$870000$Pxsjww8og5r0SEAZwBN3qN$5RNa5FSWww83AxsIV+ld1qoWRM6pumE4LCozm/lRm50=','2024-12-04 08:50:43.314404',0,'milton','','milton@gmail.com',0,1,'2024-12-04 08:50:27.384509','');
INSERT INTO "auth_user" VALUES(6,'pbkdf2_sha256$870000$HTyOjnkSuWnxUkGxb89w7e$/rxfG/UsKcGBQDoojP3hh3l55/dWEP9g/zJzynsOUpY=','2024-12-05 07:01:45.051333',0,'shinchan','','dora@gmail.com',0,1,'2024-12-05 07:01:12.661279','');
CREATE TABLE "auth_user_groups" ("id" SERIAL PRIMARY KEY, "user_id" BIGINT NOT NULL REFERENCES "auth_user" ("id") DEFERRABLE INITIALLY DEFERRED, "group_id" BIGINT NOT NULL REFERENCES "auth_group" ("id") DEFERRABLE INITIALLY DEFERRED);
CREATE TABLE "auth_user_user_permissions" ("id" SERIAL PRIMARY KEY, "user_id" BIGINT NOT NULL REFERENCES "auth_user" ("id") DEFERRABLE INITIALLY DEFERRED, "permission_id" BIGINT NOT NULL REFERENCES "auth_permission" ("id") DEFERRABLE INITIALLY DEFERRED);
CREATE TABLE "django_admin_log" ("id" SERIAL PRIMARY KEY, "object_id" text NULL, "object_repr" varchar(200) NOT NULL, "action_flag" smallint NOT NULL CHECK ("action_flag" >= 0) CHECK ("action_flag" >= 0), "change_message" text NOT NULL, "content_type_id" BIGINT NULL REFERENCES "django_content_type" ("id") DEFERRABLE INITIALLY DEFERRED, "user_id" BIGINT NOT NULL REFERENCES "auth_user" ("id") DEFERRABLE INITIALLY DEFERRED, "action_time" TIMESTAMP NOT NULL);
CREATE TABLE "django_content_type" ("id" SERIAL PRIMARY KEY, "app_label" varchar(100) NOT NULL, "model" varchar(100) NOT NULL);
INSERT INTO "django_content_type" VALUES(1,'admin','logentry');
INSERT INTO "django_content_type" VALUES(2,'auth','permission');
INSERT INTO "django_content_type" VALUES(3,'auth','group');
INSERT INTO "django_content_type" VALUES(4,'auth','user');
INSERT INTO "django_content_type" VALUES(5,'contenttypes','contenttype');
INSERT INTO "django_content_type" VALUES(6,'sessions','session');
INSERT INTO "django_content_type" VALUES(7,'Fityfeed','category');
INSERT INTO "django_content_type" VALUES(8,'Fityfeed','fooditem');
INSERT INTO "django_content_type" VALUES(9,'Fityfeed','customer');
INSERT INTO "django_content_type" VALUES(10,'Fityfeed','userfooditem');
INSERT INTO "django_content_type" VALUES(11,'Fityfeed','exercise');
INSERT INTO "django_content_type" VALUES(12,'Fityfeed','userprofile');
INSERT INTO "django_content_type" VALUES(13,'Fityfeed','meal');
CREATE TABLE "django_migrations" ("id" SERIAL PRIMARY KEY, "app" varchar(255) NOT NULL, "name" varchar(255) NOT NULL, "applied" TIMESTAMP NOT NULL);
INSERT INTO "django_migrations" VALUES(1,'contenttypes','0001_initial','2024-12-03 11:13:49.211821');
INSERT INTO "django_migrations" VALUES(2,'auth','0001_initial','2024-12-03 11:13:49.246785');
INSERT INTO "django_migrations" VALUES(3,'Fityfeed','0001_initial','2024-12-03 11:13:49.265339');
INSERT INTO "django_migrations" VALUES(4,'Fityfeed','0002_auto_20200725_0910','2024-12-03 11:13:49.287958');
INSERT INTO "django_migrations" VALUES(5,'Fityfeed','0003_fooditem_quantity','2024-12-03 11:13:49.299027');
INSERT INTO "django_migrations" VALUES(6,'Fityfeed','0004_auto_20200725_0936','2024-12-03 11:13:49.310984');
INSERT INTO "django_migrations" VALUES(7,'Fityfeed','0005_auto_20200725_0938','2024-12-03 11:13:49.322024');
INSERT INTO "django_migrations" VALUES(8,'Fityfeed','0006_auto_20200725_0948','2024-12-03 11:13:49.336658');
INSERT INTO "django_migrations" VALUES(9,'Fityfeed','0007_fooditem_calorie','2024-12-03 11:13:49.345755');
INSERT INTO "django_migrations" VALUES(10,'Fityfeed','0008_userfooditem','2024-12-03 11:13:49.359909');
INSERT INTO "django_migrations" VALUES(11,'Fityfeed','0009_userfooditem_customer','2024-12-03 11:13:49.375277');
INSERT INTO "django_migrations" VALUES(12,'Fityfeed','0010_auto_20200729_1800','2024-12-03 11:13:49.390515');
INSERT INTO "django_migrations" VALUES(13,'Fityfeed','0011_customer_calorie_limit','2024-12-03 11:13:49.399722');
INSERT INTO "django_migrations" VALUES(14,'Fityfeed','0012_auto_20210515_2036','2024-12-03 11:13:49.415721');
INSERT INTO "django_migrations" VALUES(15,'Fityfeed','0013_exercise','2024-12-03 11:13:49.423094');
INSERT INTO "django_migrations" VALUES(16,'Fityfeed','0014_exercise_user','2024-12-03 11:13:49.436906');
INSERT INTO "django_migrations" VALUES(17,'Fityfeed','0015_auto_20210516_0036','2024-12-03 11:13:49.451603');
INSERT INTO "django_migrations" VALUES(18,'Fityfeed','0016_auto_20210516_0048','2024-12-03 11:13:49.462071');
INSERT INTO "django_migrations" VALUES(19,'Fityfeed','0017_auto_20210516_0057','2024-12-03 11:13:49.475569');
INSERT INTO "django_migrations" VALUES(20,'Fityfeed','0018_alter_customer_calorie_limit_alter_customer_email_and_more','2024-12-03 11:13:49.500676');
INSERT INTO "django_migrations" VALUES(21,'Fityfeed','0019_remove_customer_user_user','2024-12-03 11:13:49.518859');
INSERT INTO "django_migrations" VALUES(22,'Fityfeed','0020_alter_category_id_alter_customer_id_and_more','2024-12-03 11:13:49.550457');
INSERT INTO "django_migrations" VALUES(23,'Fityfeed','0021_remove_exercise_user_id_customer_user_exercise_user_and_more','2024-12-03 11:13:49.581630');
INSERT INTO "django_migrations" VALUES(24,'Fityfeed','0022_alter_customer_user_userprofile','2024-12-03 11:13:49.610228');
INSERT INTO "django_migrations" VALUES(25,'Fityfeed','0023_alter_userprofile_calorie_goal','2024-12-03 11:13:49.625983');
INSERT INTO "django_migrations" VALUES(26,'Fityfeed','0024_alter_customer_calorie_limit','2024-12-03 11:13:49.643771');
INSERT INTO "django_migrations" VALUES(27,'Fityfeed','0025_customer_daily_intake_meal','2024-12-03 11:13:49.672172');
INSERT INTO "django_migrations" VALUES(28,'Fityfeed','0026_customer_activity_level_customer_age_and_more','2024-12-03 11:13:49.741618');
INSERT INTO "django_migrations" VALUES(29,'Fityfeed','0027_customer_gender','2024-12-03 11:13:49.760467');
INSERT INTO "django_migrations" VALUES(30,'Fityfeed','0028_rename_daily_intake_customer_calorie_intake','2024-12-03 11:13:49.775466');
INSERT INTO "django_migrations" VALUES(31,'Fityfeed','0029_customer_daily_intake_alter_customer_calorie_intake','2024-12-03 11:13:49.800349');
INSERT INTO "django_migrations" VALUES(32,'Fityfeed','0030_remove_fooditem_carbohydrate_and_more','2024-12-03 11:13:49.840017');
INSERT INTO "django_migrations" VALUES(33,'Fityfeed','0031_remove_customer_gender_fooditem_category_and_more','2024-12-03 11:13:49.930586');
INSERT INTO "django_migrations" VALUES(34,'admin','0001_initial','2024-12-03 11:13:49.945089');
INSERT INTO "django_migrations" VALUES(35,'admin','0002_logentry_remove_auto_add','2024-12-03 11:13:49.964618');
INSERT INTO "django_migrations" VALUES(36,'admin','0003_logentry_add_action_flag_choices','2024-12-03 11:13:49.976874');
INSERT INTO "django_migrations" VALUES(37,'contenttypes','0002_remove_content_type_name','2024-12-03 11:13:49.999914');
INSERT INTO "django_migrations" VALUES(38,'auth','0002_alter_permission_name_max_length','2024-12-03 11:13:50.015900');
INSERT INTO "django_migrations" VALUES(39,'auth','0003_alter_user_email_max_length','2024-12-03 11:13:50.030625');
INSERT INTO "django_migrations" VALUES(40,'auth','0004_alter_user_username_opts','2024-12-03 11:13:50.043578');
INSERT INTO "django_migrations" VALUES(41,'auth','0005_alter_user_last_login_null','2024-12-03 11:13:50.056465');
INSERT INTO "django_migrations" VALUES(42,'auth','0006_require_contenttypes_0002','2024-12-03 11:13:50.060464');
INSERT INTO "django_migrations" VALUES(43,'auth','0007_alter_validators_add_error_messages','2024-12-03 11:13:50.071557');
INSERT INTO "django_migrations" VALUES(44,'auth','0008_alter_user_username_max_length','2024-12-03 11:13:50.111250');
INSERT INTO "django_migrations" VALUES(45,'auth','0009_alter_user_last_name_max_length','2024-12-03 11:13:50.124396');
INSERT INTO "django_migrations" VALUES(46,'auth','0010_alter_group_name_max_length','2024-12-03 11:13:50.136969');
INSERT INTO "django_migrations" VALUES(47,'auth','0011_update_proxy_permissions','2024-12-03 11:13:50.148595');
INSERT INTO "django_migrations" VALUES(48,'auth','0012_alter_user_first_name_max_length','2024-12-03 11:13:50.163972');
INSERT INTO "django_migrations" VALUES(49,'sessions','0001_initial','2024-12-03 11:13:50.174766');
INSERT INTO "django_migrations" VALUES(50,'Fityfeed','0032_customer_gender','2024-12-03 11:43:35.656122');
INSERT INTO "django_migrations" VALUES(51,'Fityfeed','0033_remove_customer_calorie_goal_and_more','2024-12-03 15:41:20.579052');
INSERT INTO "django_migrations" VALUES(52,'Fityfeed','0034_alter_customer_user_alter_exercise_name_and_more','2024-12-03 15:41:20.654442');
INSERT INTO "django_migrations" VALUES(53,'Fityfeed','0035_customer_calorie_goal','2024-12-03 15:50:31.977421');
INSERT INTO "django_migrations" VALUES(54,'Fityfeed','0036_customer_daily_intake','2024-12-03 15:52:35.744820');
INSERT INTO "django_migrations" VALUES(55,'Fityfeed','0037_customer_gender','2024-12-03 15:59:28.809730');
INSERT INTO "django_migrations" VALUES(56,'Fityfeed','0038_alter_customer_calorie_limit','2024-12-03 16:06:22.960840');
INSERT INTO "django_migrations" VALUES(57,'Fityfeed','0039_remove_fooditem_calorie_fooditem_calories_and_more','2024-12-03 16:57:26.790564');
INSERT INTO "django_migrations" VALUES(58,'Fityfeed','0040_alter_fooditem_calories','2024-12-04 04:24:21.008740');
INSERT INTO "django_migrations" VALUES(59,'Fityfeed','0041_alter_customer_age_alter_customer_height_and_more','2024-12-04 05:10:46.008396');
INSERT INTO "django_migrations" VALUES(60,'Fityfeed','0042_customer_calorie_needs','2024-12-04 11:08:38.976670');
INSERT INTO "django_migrations" VALUES(61,'Fityfeed','0043_userprofile_calorie_needs','2024-12-04 11:27:59.423056');
INSERT INTO "django_migrations" VALUES(62,'Fityfeed','0044_alter_customer_calorie_needs','2024-12-04 14:07:11.430422');
INSERT INTO "django_migrations" VALUES(63,'Fityfeed','0045_alter_exercise_user_alter_fooditem_category_and_more','2024-12-05 05:17:07.225487');
CREATE TABLE "django_session" ("session_key" varchar(40) NOT NULL PRIMARY KEY, "session_data" text NOT NULL, "expire_date" TIMESTAMP NOT NULL);
INSERT INTO "django_session" VALUES('jxoirj35clkvy5pbsdhgf9wyo2rkxc9k','.eJxVjEEOwiAQRe_C2pCBgRZcuvcMZBimtmpKUtqV8e7apAvd_vfef6lE2zqmrcmSpqLOqlOn3y0TP2TeQbnTfKua67wuU9a7og_a9LUWeV4O9-9gpDZ-a6bQD0OIjA4jRjIoFoGAwWUHpotgLUDsrSsde5ZgwAePxhtxvg-o3h-9izYa:1tJ5rt:2zW0tV4OUfOPTIjlHUaqbAwzbvImDIOZ54ETO0UmZQU','2024-12-19 07:01:45.054537');
CREATE UNIQUE INDEX "auth_group_permissions_group_id_permission_id_0cd325b0_uniq" ON "auth_group_permissions" ("group_id", "permission_id");
CREATE INDEX "auth_group_permissions_group_id_b120cbf9" ON "auth_group_permissions" ("group_id");
CREATE INDEX "auth_group_permissions_permission_id_84c5c92e" ON "auth_group_permissions" ("permission_id");
CREATE UNIQUE INDEX "auth_user_groups_user_id_group_id_94350c0c_uniq" ON "auth_user_groups" ("user_id", "group_id");
CREATE INDEX "auth_user_groups_user_id_6a12ed8b" ON "auth_user_groups" ("user_id");
CREATE INDEX "auth_user_groups_group_id_97559544" ON "auth_user_groups" ("group_id");
CREATE UNIQUE INDEX "auth_user_user_permissions_user_id_permission_id_14a6b632_uniq" ON "auth_user_user_permissions" ("user_id", "permission_id");
CREATE INDEX "auth_user_user_permissions_user_id_a95ead1b" ON "auth_user_user_permissions" ("user_id");
CREATE INDEX "auth_user_user_permissions_permission_id_1fbb5f2c" ON "auth_user_user_permissions" ("permission_id");
CREATE UNIQUE INDEX "Fityfeed_userfooditem_fooditem_userfooditem_id_fooditem_id_8ef4332b_uniq" ON "Fityfeed_userfooditem_fooditem" ("userfooditem_id", "fooditem_id");
CREATE INDEX "Fityfeed_userfooditem_fooditem_userfooditem_id_0ae2cc2a" ON "Fityfeed_userfooditem_fooditem" ("userfooditem_id");
CREATE INDEX "Fityfeed_userfooditem_fooditem_fooditem_id_fe384937" ON "Fityfeed_userfooditem_fooditem" ("fooditem_id");
CREATE INDEX "django_admin_log_content_type_id_c4bce8eb" ON "django_admin_log" ("content_type_id");
CREATE INDEX "django_admin_log_user_id_c564eba6" ON "django_admin_log" ("user_id");
CREATE UNIQUE INDEX "django_content_type_app_label_model_76bd3d3b_uniq" ON "django_content_type" ("app_label", "model");
CREATE UNIQUE INDEX "auth_permission_content_type_id_codename_01ab375a_uniq" ON "auth_permission" ("content_type_id", "codename");
CREATE INDEX "auth_permission_content_type_id_2f476e4b" ON "auth_permission" ("content_type_id");
CREATE INDEX "django_session_expire_date_a5c62663" ON "django_session" ("expire_date");
CREATE UNIQUE INDEX "Fityfeed_meal_fooditems_meal_id_fooditem_id_29d1ea54_uniq" ON "Fityfeed_meal_fooditems" ("meal_id", "fooditem_id");
CREATE INDEX "Fityfeed_meal_fooditems_meal_id_30ff15fb" ON "Fityfeed_meal_fooditems" ("meal_id");
CREATE INDEX "Fityfeed_meal_fooditems_fooditem_id_fb99c0e7" ON "Fityfeed_meal_fooditems" ("fooditem_id");
CREATE INDEX "Fityfeed_exercise_user_id_61b935cb" ON "Fityfeed_exercise" ("user_id");
CREATE INDEX "Fityfeed_fooditem_category_id_67ae1eff" ON "Fityfeed_fooditem" ("category_id");
CREATE INDEX "Fityfeed_meal_customer_id_3a0a5220" ON "Fityfeed_meal" ("customer_id");
CREATE INDEX "Fityfeed_userfooditem_customer_id_35164ec9" ON "Fityfeed_userfooditem" ("customer_id");
DELETE FROM "sqlite_sequence";
INSERT INTO "sqlite_sequence" VALUES('django_migrations',63);
INSERT INTO "sqlite_sequence" VALUES('django_admin_log',0);
INSERT INTO "sqlite_sequence" VALUES('django_content_type',13);
INSERT INTO "sqlite_sequence" VALUES('auth_permission',52);
INSERT INTO "sqlite_sequence" VALUES('auth_group',0);
INSERT INTO "sqlite_sequence" VALUES('auth_user',6);
INSERT INTO "sqlite_sequence" VALUES('Fityfeed_category',1);
INSERT INTO "sqlite_sequence" VALUES('Fityfeed_userprofile',5);
INSERT INTO "sqlite_sequence" VALUES('Fityfeed_customer',5);
INSERT INTO "sqlite_sequence" VALUES('Fityfeed_exercise',0);
INSERT INTO "sqlite_sequence" VALUES('Fityfeed_fooditem',56);
INSERT INTO "sqlite_sequence" VALUES('Fityfeed_meal',0);
INSERT INTO "sqlite_sequence" VALUES('Fityfeed_userfooditem',0);
COMMIT;
